HS2002,SITCR2
010110,0015
010190,0015
010210,00111
010290,00119
010310,0013
010391,0013
010392,0013
010410,00121
010420,00122
010511,00141
010512,00141
010519,00141
010592,00149
010593,00149
010599,00149
010611,9410
010612,9410
010619,9410
010620,9410
010631,9410
010632,9410
010639,9410
010690,9410
020110,01111
020120,01111
020130,01112
020210,01111
020220,01111
020230,01112
020311,0113
020312,0113
020319,0113
020321,0113
020322,0113
020329,0113
020410,0112
020421,0112
020422,0112
020423,0112
020430,0112
020441,0112
020442,0112
020443,0112
020450,0112
020500,0115
020610,0116
020621,0116
020622,0116
020629,0116
020630,0116
020641,0116
020649,0116
020680,0116
020690,0116
020711,0114
020712,0114
020713,0114
020714,0114
020724,0114
020725,0114
020726,0114
020727,0114
020732,0114
020733,0114
020734,01181
020735,0114
020736,0114
020810,01189
020820,01189
020830,01189
020840,01189
020850,01189
020890,01189
020900,41131
021011,0121
021012,0121
021019,0121
021020,0129
021091,0149
021092,0149
021093,0149
021099,0149
030110,0341
030191,0341
030192,0341
030193,0341
030199,0341
030211,0341
030212,0341
030219,0341
030221,0341
030222,0341
030223,0341
030229,0341
030231,0341
030232,0341
030233,0341
030234,0341
030235,0341
030236,0341
030239,0341
030240,0341
030250,0341
030261,0341
030262,0341
030263,0341
030264,0341
030265,0341
030266,0341
030269,0341
030270,0341
030311,0342
030319,0342
030321,0342
030322,0342
030329,0342
030331,0342
030332,0342
030333,0342
030339,0342
030341,0342
030342,0342
030343,0342
030344,0342
030345,0342
030346,0342
030349,0342
030350,0342
030360,0342
030371,0342
030372,0342
030373,0342
030374,0342
030375,0342
030376,0342
030377,0342
030378,0342
030379,0342
030380,0342
030410,0343
030420,0344
030490,0342
030510,03501
030520,03503
030530,03503
030541,03504
030542,03504
030549,03504
030551,03502
030559,03503
030561,03503
030562,03503
030563,03503
030569,03503
030611,0360
030612,0360
030613,0360
030614,0360
030619,0360
030621,0360
030622,0360
030623,0360
030624,0360
030629,0360
030710,0360
030721,0360
030729,0360
030731,0360
030739,0360
030741,0360
030749,0360
030751,0360
030759,0360
030760,0360
030791,0360
030799,0360
040110,0223
040120,0223
040130,0223
040210,02242
040221,02243
040229,02243
040291,02249
040299,02249
040310,0223
040390,0223
040410,02241
040490,0223
040510,0230
040520,0230
040590,0230
040610,0240
040620,0240
040630,0240
040640,0240
040690,0240
040700,0251
040811,0252
040819,0252
040891,0252
040899,0252
040900,0616
041000,09808
050100,29191
050210,29192
050290,29192
050300,26851
050400,29193
050510,29196
050590,29196
050610,29111
050690,29111
050710,29116
050790,29116
050800,29115
050900,29197
051000,29198
051110,29199
051191,29199
051199,29199
060110,29261
060120,29261
060210,29269
060220,29269
060230,29269
060240,29269
060290,29269
060310,29271
060390,29271
060410,29272
060491,29272
060499,29272
070110,0541
070190,0541
070200,0544
070310,05451
070320,05451
070390,05451
070410,05459
070420,05459
070490,05459
070511,05459
070519,05459
070521,05459
070529,05459
070610,05459
070690,05459
070700,05459
070810,05459
070820,05459
070890,05459
070910,05459
070920,05459
070930,05459
070940,05459
070951,05459
070952,05459
070959,05459
070960,05459
070970,05459
070990,05459
071010,05461
071021,05461
071022,05461
071029,05461
071030,05461
071040,09809
071080,05461
071090,05461
071120,05462
071130,05462
071140,05462
071151,05462
071159,05462
071190,05462
071220,0561
071231,0561
071232,0561
071233,0561
071239,0561
071290,0561
071310,0542
071320,0542
071331,0542
071332,0542
071333,0542
071339,0542
071340,0542
071350,0542
071390,0542
071410,05481
071420,05481
071490,05481
080111,05771
080119,05771
080121,05772
080122,05772
080131,05773
080132,05773
080211,05774
080212,05774
080221,05775
080222,05775
080231,05779
080232,05779
080240,05779
080250,05779
080290,05779
080300,0573
080410,05796
080420,0576
080430,05795
080440,05797
080450,05797
080510,05711
080520,05712
080540,05722
080550,05721
080590,05729
080610,05751
080620,05752
080711,05798
080719,05798
080720,05798
080810,0574
080820,05792
080910,05793
080920,05793
080930,05793
080940,05793
081010,05794
081020,05794
081030,05794
081040,05794
081050,05798
081060,05798
081090,05798
081110,05861
081120,05861
081190,05861
081210,05863
081290,05863
081310,05799
081320,05799
081330,05799
081340,05799
081350,05799
081400,05864
090111,07111
090112,07111
090121,07112
090122,07112
090190,07113
090210,0741
090220,0741
090230,0741
090240,0741
090300,0742
090411,0751
090412,0751
090420,0751
090500,07521
090610,07522
090620,07522
090700,07523
090810,07524
090820,07524
090830,07524
090910,07525
090920,07525
090930,07525
090940,07525
090950,07525
091010,07526
091020,07528
091030,07528
091040,07528
091050,07528
091091,07528
091099,07528
100110,0411
100190,0412
100200,0451
100300,0430
100400,0452
100510,0440
100590,0440
100610,04211
100620,04212
100630,04221
100640,04222
100700,04592
100810,04599
100820,04591
100830,04599
100890,04599
110100,04601
110210,04701
110220,04701
110230,04701
110290,04701
110311,04602
110313,04702
110319,04702
110320,04602
110412,04811
110419,04811
110422,04811
110423,04811
110429,04811
110430,04811
110510,05643
110520,05643
110610,05649
110620,05649
110630,05649
110710,0482
110720,0482
110811,59211
110812,59211
110813,59211
110814,59211
110819,59211
110820,59211
110900,59212
120100,2222
120210,2221
120220,2221
120300,2231
120400,2234
120510,2226
120590,2226
120600,2224
120710,2232
120720,2223
120730,2235
120740,2225
120750,2238
120760,2238
120791,2238
120799,2238
120810,2239
120890,2239
120910,2925
120921,2925
120922,2925
120923,2925
120924,2925
120925,2925
120926,2925
120929,2925
120930,2925
120991,2925
120999,2925
121010,05484
121020,05484
121110,2924
121120,2924
121130,2924
121140,2924
121190,2924
121210,05488
121220,29298
121230,05488
121291,05482
121299,05488
121300,08111
121410,08112
121490,08112
130110,2922
130120,2922
130190,2922
130211,29291
130212,29291
130213,29291
130214,29291
130219,29291
130220,29291
130231,29291
130232,29291
130239,29291
140110,2923
140120,2923
140190,2923
140200,29292
140300,29293
140410,29298
140420,2632
140490,29298
150100,0913
150200,41132
150300,41133
150410,41111
150420,41112
150430,41113
150500,41134
150600,41139
150710,4232
150790,4232
150810,4234
150890,4234
150910,4235
150990,4235
151000,4235
151110,4242
151190,4242
151211,4236
151219,4236
151221,4233
151229,4233
151311,4243
151319,4243
151321,4244
151329,4244
151411,42391
151419,42391
151491,42391
151499,42391
151511,4241
151519,4241
151521,4249
151529,4249
151530,4245
151540,4249
151550,42392
151590,4249
151610,4312
151620,4312
151710,09141
151790,09149
151800,4311
152000,51218
152110,43143
152190,43144
152200,43133
160100,0142
160210,0149
160220,0149
160231,0149
160232,0149
160239,0149
160241,0149
160242,0149
160249,0149
160250,0149
160290,0149
160300,0141
160411,0371
160412,0371
160413,0371
160414,0371
160415,0371
160416,0371
160419,0371
160420,0371
160430,0371
160510,0372
160520,0372
160530,0372
160540,0372
160590,0372
170111,0611
170112,0611
170191,0612
170199,0612
170211,0619
170219,0619
170220,0619
170230,0619
170240,0619
170250,51692
170260,0619
170290,0619
170310,0615
170390,0615
170410,0620
170490,0620
180100,0721
180200,08192
180310,07231
180320,07231
180400,07232
180500,0722
180610,0730
180620,0730
180631,0730
180632,0730
180690,0730
190110,0488
190120,0488
190190,0488
190211,0483
190219,0483
190220,09809
190230,09809
190240,0483
190300,05645
190410,04812
190420,04812
190430,04811
190490,09809
190510,04841
190520,04842
190531,04842
190532,04842
190540,04841
190590,04841
200110,05651
200190,05651
200210,05659
200290,05659
200310,05659
200320,05659
200390,05659
200410,05461
200490,05461
200510,09801
200520,05659
200540,05659
200551,05659
200559,05659
200560,05659
200570,05659
200580,09809
200590,05659
200600,0582
200710,0583
200791,0583
200799,0583
200811,05891
200819,05891
200820,05899
200830,05899
200840,05899
200850,05899
200860,05899
200870,05899
200880,05899
200891,09809
200892,05899
200899,05899
200911,05851
200912,05851
200919,05851
200921,05852
200929,05852
200931,05853
200939,05853
200941,05854
200949,05854
200950,05855
200961,05857
200969,05857
200971,05857
200979,05857
200980,05857
200990,05858
210111,0712
210112,0712
210120,09802
210130,0712
210210,09806
210220,09806
210230,09806
210310,09804
210320,09804
210330,09803
210390,09804
210410,09805
210420,09801
210500,09809
210610,09809
210690,09809
220110,11101
220190,11101
220210,11102
220290,11102
220300,1123
220410,11212
220421,11212
220429,11212
220430,11211
220510,11213
220590,11213
220600,1122
220710,51216
220720,51216
220820,11242
220830,11241
220840,11249
220850,11249
220860,11249
220870,11249
220890,11249
220900,09807
230110,08141
230120,08142
230210,08121
230220,08121
230230,08122
230240,08122
230250,08123
230310,08193
230320,08193
230330,08193
230400,08131
230500,08132
230610,08133
230620,08134
230630,08135
230641,08136
230649,08136
230650,08137
230660,08138
230670,08139
230690,08139
230700,08194
230800,08119
230910,08199
230990,08199
240110,1211
240120,1212
240130,1213
240210,1221
240220,1222
240290,1222
240310,1223
240391,1223
240399,1223
250100,2783
250200,2742
250300,2741
250410,27822
250490,27822
250510,2733
250590,2733
250610,27851
250621,27851
250629,27851
250700,27821
250810,27821
250820,27821
250830,27821
250840,27821
250850,27821
250860,27821
250870,27821
250900,27891
251010,27131
251020,27132
251110,27892
251120,27892
251200,27895
251311,27722
251319,27722
251320,27722
251400,27311
251511,27312
251512,27312
251520,27312
251611,27313
251612,27313
251621,27313
251622,27313
251690,27313
251710,2734
251720,2734
251730,2734
251741,2734
251749,2734
251810,27823
251820,27823
251830,27823
251910,27824
251990,27824
252010,27323
252020,27324
252100,27322
252210,6611
252220,6611
252230,6611
252310,6612
252321,6612
252329,6612
252330,6612
252390,6612
252400,2784
252510,27852
252520,27852
252530,27852
252610,27893
252620,27893
252810,27894
252890,27894
252910,27854
252921,27854
252922,27854
252930,27854
253010,27899
253020,27899
253090,27899
260111,2815
260112,2816
260120,2814
260200,2877
260300,28711
260400,28721
260500,28799
260600,28731
260700,2874
260800,2875
260900,2876
261000,28791
261100,28792
261210,2860
261220,2860
261310,28793
261390,28793
261400,28793
261510,28793
261590,28793
261610,28901
261690,28901
261710,28799
261790,28799
261800,27861
261900,27861
262011,2881
262019,2881
262021,2881
262029,2881
262030,2881
262040,2881
262060,2881
262091,2881
262099,2881
262110,27862
262190,27862
270111,3221
270112,3222
270119,3222
270120,32311
270210,3223
270220,32312
270300,3224
270400,3232
270500,3415
270600,33521
270710,33522
270720,33523
270730,33524
270740,33525
270750,33525
270760,33525
270791,33525
270799,33525
270810,33531
270820,33532
270900,3330
271011,334
271019,334
271091,334
271099,334
271111,34139
271112,34131
271113,34131
271114,34139
271119,34139
271121,3414
271129,3414
271210,33511
271220,33512
271290,33512
271311,33542
271312,33542
271320,33541
271390,33541
271410,27896
271490,27896
271500,33543
271600,3510
280110,52213
280120,52214
280130,52214
280200,52215
280300,52218
280410,52211
280421,52211
280429,52211
280430,52211
280440,52211
280450,52212
280461,52212
280469,52212
280470,52212
280480,52212
280490,52212
280511,52217
280512,52217
280519,52217
280530,52217
280540,52216
280610,52221
280620,52221
280700,52222
280800,52223
280910,52224
280920,52224
281000,52225
281111,52229
281119,52229
281121,52229
281122,52229
281123,52229
281129,52229
281210,52231
281290,52231
281310,52232
281390,52232
281410,52251
281420,52251
281511,52252
281512,52253
281520,52254
281530,52254
281610,52255
281640,52255
281700,52241
281810,52257
281820,28732
281830,52256
281910,52242
281990,52242
282010,52243
282090,52243
282110,52244
282120,52244
282200,52245
282300,52246
282410,52247
282420,52247
282490,52247
282510,52259
282520,52259
282530,52259
282540,52259
282550,52259
282560,52259
282570,52259
282580,52259
282590,52259
282611,52311
282612,52311
282619,52311
282620,52311
282630,52311
282690,52311
282710,52312
282720,52312
282731,52312
282732,52312
282733,52312
282734,52312
282735,52312
282736,52312
282739,52312
282741,52312
282749,52312
282751,52312
282759,52312
282760,52312
282810,52313
282890,52313
282911,52314
282919,52314
282990,52314
283010,52315
283020,52315
283030,52315
283090,52315
283110,52316
283190,52316
283210,52317
283220,52317
283230,52317
283311,52318
283319,52318
283321,52319
283322,52319
283323,52319
283324,52319
283325,52319
283326,52319
283327,52319
283329,52319
283330,52319
283340,52319
283410,52321
283421,52321
283429,52321
283510,52322
283522,52322
283523,52322
283524,52322
283525,52322
283526,52322
283529,52322
283531,52322
283539,52322
283610,52324
283620,52323
283630,52324
283640,52324
283650,52324
283660,52324
283670,52324
283691,52324
283692,52324
283699,52324
283711,52325
283719,52325
283720,52325
283800,52326
283911,52327
283919,52327
283920,52327
283990,52327
284011,52328
284019,52328
284020,52328
284030,52328
284110,52331
284120,52331
284130,52331
284150,52331
284161,52331
284169,52331
284170,52331
284180,52331
284190,52331
284210,52329
284290,52329
284310,52332
284321,52332
284329,52332
284330,52332
284390,52332
284410,5241
284420,5241
284430,6880
284440,5241
284450,5241
284510,52491
284590,52491
284610,52492
284690,52492
284700,52391
284800,52392
284910,52393
284920,52394
284990,52394
285000,52395
285100,52399
290110,51119
290121,51111
290122,51112
290123,51113
290124,51113
290129,51119
290211,51121
290219,51129
290220,51122
290230,51123
290241,51124
290242,51124
290243,51124
290244,51124
290250,51125
290260,51126
290270,51129
290290,51129
290311,51139
290312,51139
290313,51139
290314,51139
290315,51139
290319,51139
290321,51131
290322,51132
290323,51133
290329,51139
290330,51139
290341,51139
290342,51139
290343,51139
290344,51139
290345,51139
290346,51139
290347,51139
290349,51139
290351,51139
290359,51139
290361,51139
290362,51139
290369,51139
290410,5114
290420,5114
290490,5114
290511,51211
290512,51212
290513,51213
290514,51213
290515,51219
290516,51214
290517,51219
290519,51219
290522,51219
290529,51219
290531,51215
290532,51219
290539,51219
290541,51219
290542,51219
290543,51219
290544,51219
290545,51218
290549,51219
290551,51219
290559,51219
290611,5122
290612,5122
290613,5122
290614,5122
290619,5122
290621,5122
290629,5122
290711,51234
290712,51235
290713,51236
290714,51236
290715,51236
290719,51236
290721,51236
290722,51236
290723,51236
290729,51236
290810,51237
290820,51237
290890,51237
290911,51611
290919,51611
290920,51611
290930,51611
290941,51611
290942,51611
290943,51611
290944,51611
290949,51611
290950,51611
290960,51611
291010,51613
291020,51614
291030,51619
291090,51619
291100,51612
291211,51621
291212,51621
291213,51621
291219,51621
291221,51621
291229,51621
291230,51621
291241,51621
291242,51621
291249,51621
291250,51621
291260,51621
291300,51622
291411,51623
291412,51624
291413,51629
291419,51629
291421,51629
291422,51629
291423,51629
291429,51629
291431,51629
291439,51629
291440,51629
291450,51629
291461,51629
291469,51629
291470,51629
291511,51379
291512,51379
291513,51379
291521,51371
291522,51371
291523,51371
291524,51379
291529,51371
291531,51372
291532,51372
291533,51372
291534,51372
291535,51372
291539,51372
291540,51379
291550,51379
291560,51379
291570,51379
291590,51379
291611,51379
291612,51379
291613,51373
291614,51373
291615,51379
291619,51379
291620,51379
291631,51379
291632,51379
291634,51379
291635,51379
291639,51379
291711,51389
291712,51389
291713,51389
291714,51381
291719,51389
291720,51389
291731,51389
291732,51383
291733,51389
291734,51389
291735,51382
291736,51389
291737,51384
291739,51389
291811,5139
291812,5139
291813,5139
291814,5139
291815,5139
291816,5139
291819,5139
291821,5139
291822,5139
291823,5139
291829,5139
291830,5139
291890,5139
291900,51631
292010,51639
292090,51639
292111,5145
292112,5145
292119,5145
292121,5145
292122,5145
292129,5145
292130,5145
292141,5145
292142,5145
292143,5145
292144,5145
292145,5145
292146,5145
292149,5145
292151,5145
292159,5145
292211,5146
292212,5146
292213,5146
292214,5146
292219,5146
292221,5146
292222,5146
292229,5146
292231,5146
292239,5146
292241,5146
292242,5146
292243,5146
292244,5146
292249,5146
292250,5146
292310,51481
292320,51481
292390,51481
292411,5147
292419,5147
292421,5147
292423,5147
292424,5147
292429,5147
292511,51482
292512,51482
292519,51482
292520,51482
292610,51483
292620,51484
292630,51484
292690,51484
292700,51485
292800,51486
292910,51489
292990,51489
293010,5154
293020,5154
293030,5154
293040,5154
293090,5154
293100,5155
293211,51569
293212,51569
293213,51569
293219,51569
293221,51569
293229,51569
293291,51569
293292,51569
293293,51569
293294,51569
293295,51569
293299,51569
293311,51569
293319,51569
293321,5147
293329,51569
293331,51569
293332,51569
293333,51569
293339,51569
293341,51569
293349,51569
293352,51482
293353,51482
293354,51482
293355,51482
293359,51569
293361,51569
293369,51569
293371,51561
293372,51561
293379,51561
293391,51482
293399,51482
293410,51569
293420,51569
293430,51569
293491,51569
293499,51569
293500,51571
293610,5411
293621,5411
293622,5411
293623,5411
293624,5411
293625,5411
293626,5411
293627,5411
293628,5411
293629,5411
293690,5411
293711,54152
293712,54151
293719,5415
293721,54153
293722,54153
293723,54159
293729,54153
293731,54159
293739,54159
293740,54159
293750,5139
293790,54159
293810,54161
293890,54161
293911,5414
293919,5414
293921,5414
293929,5414
293930,5414
293941,5414
293942,5414
293943,5414
293949,5414
293951,5414
293959,5414
293961,5414
293962,5414
293963,5414
293969,5414
293991,5414
293999,5414
294000,51692
294110,54131
294120,54132
294130,54133
294140,54139
294150,54139
294190,54139
294200,51699
300110,54162
300120,54162
300190,54162
300210,54164
300220,54164
300230,54164
300290,54162
300310,54171
300320,54171
300331,54172
300339,54172
300340,54173
300390,54179
300410,54171
300420,54171
300431,54172
300432,54172
300439,54172
300440,54173
300450,54179
300490,54179
300510,54191
300590,54191
300610,54199
300620,54199
300630,54199
300640,54199
300650,54199
300660,54172
300670,59899
300680,5419
310100,2711
310210,56216
310221,56213
310229,56212
310230,56211
310240,56219
310250,2712
310260,56219
310270,56215
310280,56219
310290,56219
310310,56222
310320,56221
310390,56229
310410,2714
310420,56231
310430,56232
310490,56239
310510,56299
310520,56291
310530,56292
310540,56292
310551,56292
310559,56292
310560,56299
310590,56299
320110,53221
320120,53221
320190,53221
320210,5323
320290,5323
320300,53222
320411,5311
320412,5311
320413,5311
320414,5311
320415,5311
320416,5311
320417,5311
320419,5311
320420,53121
320490,53121
320500,53122
320611,5331
320619,5331
320620,5331
320630,5331
320641,5331
320642,5331
320643,5331
320649,5331
320650,5331
320710,53351
320720,53351
320730,53351
320740,53351
320810,53342
320820,53342
320890,53342
320910,53341
320990,53341
321000,53342
321100,53353
321210,53344
321290,53343
321310,53352
321390,53352
321410,53354
321490,53354
321511,5332
321519,5332
321590,89591
330111,5513
330112,5513
330113,5513
330114,5513
330119,5513
330121,5513
330122,5513
330123,5513
330124,5513
330125,5513
330126,5513
330129,5513
330130,5513
330190,5513
330210,5514
330290,5514
330300,5530
330410,5530
330420,5530
330430,5530
330491,5530
330499,5530
330510,5530
330520,5530
330530,5530
330590,5530
330610,5530
330620,5530
330690,5530
330710,5530
330720,5530
330730,5530
330741,5530
330749,5530
330790,5530
340111,5541
340119,5541
340120,5541
340130,5542
340211,5542
340212,5542
340213,5542
340219,5542
340220,5542
340290,5542
340311,33452
340319,33452
340391,33452
340399,33452
340410,59831
340420,59831
340490,59831
340510,5543
340520,5543
340530,5543
340540,5543
340590,5543
340600,89931
340700,59895
350110,59221
350190,59221
350211,59222
350219,59222
350220,59222
350290,59222
350300,59223
350400,59224
350510,59225
350520,59225
350610,59229
350691,59229
350699,59229
350710,51691
350790,51691
360100,57211
360200,57212
360300,5722
360410,5723
360490,5723
360500,89932
360610,89939
360690,89939
370110,88221
370120,88221
370130,88221
370191,88221
370199,88221
370210,88222
370220,88222
370231,88222
370232,88222
370239,88222
370241,88222
370242,88222
370243,88222
370244,88222
370251,88222
370252,88222
370253,88222
370254,88222
370255,88222
370256,88222
370291,88222
370293,88222
370294,88222
370295,88222
370310,88223
370320,88223
370390,88223
370400,88224
370510,88225
370520,88225
370590,88225
370610,8830
370690,8830
370710,8821
370790,8821
380110,59832
380120,59832
380130,59899
380190,59899
380210,59892
380290,59892
380300,59811
380400,59812
380510,59813
380520,59813
380590,59813
380610,59814
380620,59814
380630,5851
380690,59814
380700,59819
380810,5911
380820,5912
380830,5913
380840,59141
380890,59149
380910,59891
380991,59891
380992,59891
380993,59891
381010,59896
381090,59896
381111,5982
381119,5982
381121,5982
381129,5982
381190,5982
381210,59833
381220,59899
381230,59899
381300,59894
381400,59897
381511,59898
381512,59898
381519,59898
381590,59898
381600,66233
381700,59899
381800,59899
381900,59899
382000,59899
382100,59893
382200,59899
382311,43131
382312,43131
382313,43131
382319,43131
382370,51217
382410,59899
382420,59899
382430,59899
382440,59899
382450,59899
382460,59899
382471,59899
382479,59899
382490,59899
382510,59899
382520,59899
382530,87202
382541,59899
382549,59899
382550,59899
382561,59899
382569,59899
382590,59899
390110,58311
390120,58311
390130,5839
390190,5839
390210,58321
390220,5839
390230,5839
390290,5839
390311,58331
390319,58331
390320,58331
390330,58331
390390,58331
390410,58341
390421,58341
390422,58341
390430,58351
390440,5839
390450,5839
390461,5839
390469,5839
390490,5839
390512,5837
390519,5837
390521,5837
390529,5837
390530,5839
390591,5839
390599,5839
390610,58361
390690,58361
390710,5829
390720,5829
390730,58261
390740,58231
390750,58231
390760,58231
390791,58231
390799,58231
390810,58241
390890,58241
390910,58221
390920,58221
390930,58221
390940,58211
390950,58251
391000,5827
391110,5839
391190,5839
391211,58431
391212,58432
391220,5842
391231,5849
391239,5849
391290,5849
391310,58522
391390,5851
391400,5838
391510,58319
391520,58339
391530,58349
391590,5839
391610,58312
391620,58342
391690,58249
391710,58521
391721,58312
391722,89399
391723,58342
391729,89399
391731,58249
391732,58312
391733,89399
391739,89399
391740,89399
391810,89391
391890,89392
391910,5839
391990,89286
392010,58313
392020,58322
392030,58333
392043,58343
392049,58343
392051,58362
392059,58362
392061,58232
392062,58232
392063,58232
392069,58232
392071,5841
392072,58493
392073,58432
392079,58492
392091,5839
392092,58242
392093,58222
392094,58212
392099,5839
392111,58333
392112,58343
392113,58259
392114,5841
392119,5839
392190,58212
392210,8932
392220,8932
392290,8932
392310,8931
392321,8931
392329,8931
392330,8931
392340,8931
392350,8931
392390,8931
392410,89399
392490,89399
392510,89399
392520,89399
392530,89393
392590,89399
392610,89394
392620,84821
392630,89399
392640,8933
392690,89399
400110,23201
400121,23202
400122,23202
400129,23202
400130,23203
400211,23311
400219,23315
400220,23313
400231,23316
400239,23316
400241,23312
400249,23314
400251,23312
400259,23319
400260,23319
400270,23319
400280,23201
400291,23312
400299,23319
400300,23321
400400,23322
400510,62101
400520,62102
400591,62101
400599,62101
400610,62102
400690,62102
400700,62103
400811,62104
400819,62104
400821,62104
400829,62104
400911,62105
400912,62105
400921,62105
400922,62105
400931,62105
400932,62105
400941,62105
400942,62105
401011,6282
401012,6282
401013,6282
401019,6282
401031,6282
401032,6282
401033,6282
401034,6282
401035,6282
401036,6282
401039,6282
401110,6251
401120,6252
401130,6253
401140,6254
401150,6254
401161,62599
401162,62599
401163,62599
401169,62599
401192,62599
401193,62599
401194,62599
401199,62599
401211,62599
401212,62599
401213,62599
401219,62599
401220,62599
401290,62599
401310,62591
401320,62591
401390,62591
401410,6281
401490,6281
401511,84822
401519,84822
401590,84822
401610,62898
401691,62898
401692,62898
401693,62898
401694,62898
401695,62898
401699,62898
401700,62899
410120,2112
410150,2111
410190,2111
410210,2116
410221,2117
410229,2117
410310,2114
410320,21199
410330,21199
410390,21199
410411,6114
410419,6114
410441,6114
410449,6114
410510,6115
410530,6115
410621,61161
410622,61161
410631,61169
410632,61169
410640,61169
410691,61169
410692,61169
410711,6114
410712,6114
410719,6114
410791,6114
410792,6114
410799,6114
411200,6115
411310,61161
411320,61169
411330,61169
411390,61169
411410,61181
411420,61183
411510,6112
411520,21191
420100,6122
420211,83102
420212,83102
420219,83102
420221,83101
420222,83101
420229,83101
420231,83109
420232,83109
420239,83109
420291,83109
420292,83109
420299,83109
420310,8481
420321,8481
420329,8481
420330,8481
420340,8481
420400,6121
420500,6129
420610,89991
420690,89991
430110,21201
430130,21209
430160,21209
430170,21209
430180,21209
430190,21209
430211,6130
430213,6130
430219,6130
430220,6130
430230,6130
430310,84831
430390,84831
430400,84832
440110,24501
440121,24602
440122,24602
440130,24603
440200,24502
440310,2479
440320,24711
440341,24721
440349,24721
440391,24721
440392,24721
440399,24721
440410,63491
440420,63491
440500,63493
440610,2481
440690,2481
440710,24821
440724,24831
440725,24831
440726,24831
440729,24831
440791,24831
440792,24831
440799,24831
440810,6341
440831,6341
440839,6341
440890,6341
440910,24822
440920,24832
441021,63432
441029,63432
441031,63432
441032,63432
441033,63432
441039,63432
441090,63432
441111,64161
441119,64161
441121,64162
441129,64162
441131,64162
441139,64162
441191,64162
441199,64162
441213,6342
441214,6342
441219,6342
441222,63441
441223,63441
441229,63441
441292,63441
441293,63441
441299,63441
441300,63431
441400,63541
441510,6351
441520,63599
441600,6352
441700,63591
441810,6353
441820,6353
441830,6353
441840,6353
441850,63599
441890,6353
441900,63542
442010,63549
442090,63549
442110,63599
442190,63599
450110,24401
450190,24401
450200,24402
450310,63301
450390,63301
450410,63302
450490,63302
460120,6597
460191,6597
460199,6597
460210,89971
460290,89971
470100,2512
470200,2516
470311,25171
470319,25171
470321,25172
470329,25172
470411,25181
470419,25181
470421,25182
470429,25182
470500,25191
470610,25192
470620,25192
470691,25192
470692,25192
470693,25192
470710,2511
470720,2511
470730,2511
470790,2511
480100,6411
480210,64121
480220,64159
480230,64159
480240,64159
480254,64159
480255,64159
480256,64159
480257,64159
480258,64139
480261,641
480262,641
480269,64159
480300,64172
480411,64131
480419,64131
480421,64132
480429,64132
480431,64139
480439,64139
480441,64139
480442,64139
480449,64139
480451,64139
480452,64139
480459,64139
480511,64151
480512,641
480519,641
480524,64159
480525,64159
480530,64152
480540,64159
480550,64159
480591,64159
480592,64159
480593,64159
480610,64153
480620,64153
480630,64153
480640,64153
480700,64192
480810,64174
480820,64171
480830,64171
480890,64174
480910,64189
480920,64189
480990,64189
481013,641
481014,641
481019,641
481022,64122
481029,64122
481031,64189
481032,64189
481039,64181
481092,64189
481099,64189
481110,64182
481141,64189
481149,64189
481151,64181
481159,64181
481160,64189
481190,64189
481200,64196
481310,64241
481320,64241
481390,64159
481410,64197
481420,64197
481430,64197
481490,64197
481500,65911
481610,64242
481620,64242
481630,64242
481690,64242
481710,6422
481720,6422
481730,6422
481810,64243
481820,64284
481830,64284
481840,64285
481850,64284
481890,64284
481910,6421
481920,6421
481930,6421
481940,6421
481950,6421
481960,6421
482010,6423
482020,6423
482030,6423
482040,6423
482050,6423
482090,6423
482110,89281
482190,89281
482210,64281
482290,64281
482312,64244
482319,64244
482320,64249
482340,64289
482360,64283
482370,64289
482390,64289
490110,89211
490191,89211
490199,89211
490210,8922
490290,8922
490300,89212
490400,89285
490510,89213
490591,89213
490599,89213
490600,89282
490700,89283
490810,89241
490890,89241
490900,89242
491000,89284
491110,89286
491191,89289
491199,89289
500100,26141
500200,2613
500310,26142
500390,26142
500400,65111
500500,65116
500600,65117
500710,6541
500720,6541
500790,6541
510111,2681
510119,2681
510121,2682
510129,2682
510130,2682
510211,2683
510219,2683
510220,26859
510310,26861
510320,26861
510330,26861
510400,26862
510510,2687
510521,2687
510529,65121
510531,2687
510539,2687
510540,2687
510610,65122
510620,65127
510710,65123
510720,65128
510810,65124
510820,65124
510910,65126
510990,65129
511000,65125
511111,65421
511119,65421
511120,65431
511130,65432
511190,65433
511211,65422
511219,65422
511220,65431
511230,65432
511290,65433
511300,65492
520100,2631
520210,2633
520291,2633
520299,2633
520300,2634
520411,65133
520419,65133
520420,65135
520511,65131
520512,65132
520513,65133
520514,65133
520515,65134
520521,65131
520522,65132
520523,65133
520524,65133
520526,65134
520527,65134
520528,65134
520531,65131
520532,65132
520533,65133
520534,65133
520535,65134
520541,65131
520542,65132
520543,65133
520544,65133
520546,65134
520547,65134
520548,65134
520611,65131
520612,65132
520613,65133
520614,65133
520615,65134
520621,65131
520622,65132
520623,65133
520624,65133
520625,65134
520631,65131
520632,65132
520633,65133
520634,65133
520635,65134
520641,65131
520642,65132
520643,65133
520644,65133
520645,65134
520710,65135
520790,65135
520811,65214
520812,65214
520813,65214
520819,65214
520821,65224
520822,65224
520823,65224
520829,65224
520831,65224
520832,65224
520833,65224
520839,65224
520841,65224
520842,65224
520843,65224
520849,65224
520851,65224
520852,65224
520853,65224
520859,65224
520911,65214
520912,65214
520919,65214
520921,65224
520922,65224
520929,65224
520931,65224
520932,65224
520939,65224
520941,65224
520942,65224
520943,65224
520949,65224
520951,65224
520952,65224
520959,65224
521011,65215
521012,65215
521019,65215
521021,65225
521022,65225
521029,65225
521031,65225
521032,65225
521039,65225
521041,65225
521042,65225
521049,65225
521051,65225
521052,65225
521059,65225
521111,65215
521112,65215
521119,65215
521121,65225
521122,65225
521129,65225
521131,65225
521132,65225
521139,65225
521141,65225
521142,65225
521143,65225
521149,65225
521151,65225
521152,65225
521159,65225
521211,65215
521212,65225
521213,65225
521214,65225
521215,65225
521221,65215
521222,65225
521223,65225
521224,65225
521225,65225
530110,26511
530121,26512
530129,26512
530130,26513
530210,2652
530290,2652
530310,2640
530390,2640
530410,2654
530490,2654
530511,26591
530519,26591
530521,2655
530529,2655
530590,26599
530610,65196
530620,65196
530710,65198
530720,65198
530810,65199
530820,65199
530890,65199
530911,6544
530919,6544
530921,6544
530929,6544
531010,6545
531090,6545
531100,65498
540110,65146
540120,65171
540210,65143
540220,65146
540231,65141
540232,65141
540233,65144
540239,65147
540241,65142
540242,65145
540243,65145
540249,65147
540251,65143
540252,65146
540259,65147
540261,65143
540262,65146
540269,65147
540310,65171
540320,65171
540331,65171
540332,65171
540333,65172
540339,65173
540341,65171
540342,65172
540349,65173
540410,65149
540490,65149
540500,65178
540610,65151
540620,65181
540710,65315
540720,65315
540730,65315
540741,65315
540742,65315
540743,65315
540744,65315
540751,65315
540752,65315
540753,65315
540754,65315
540761,65315
540769,65315
540771,65315
540772,65315
540773,65315
540774,65315
540781,65316
540782,65316
540783,65316
540784,65316
540791,65316
540792,65316
540793,65316
540794,65316
540810,65355
540821,65355
540822,65355
540823,65355
540824,65355
540831,65356
540832,65356
540833,65356
540834,65356
550110,26661
550120,26662
550130,26663
550190,26669
550200,26712
550310,26651
550320,26652
550330,26653
550340,26659
550390,26659
550410,26711
550490,26711
550510,26721
550520,26722
550610,26671
550620,26672
550630,26673
550690,26679
550700,26713
550810,65148
550820,65174
550911,65148
550912,65148
550921,65148
550922,65148
550931,65148
550932,65148
550941,65148
550942,65148
550951,65168
550952,65167
550953,65166
550959,65168
550961,65167
550962,65166
550969,65168
550991,65167
550992,65166
550999,65168
551011,65174
551012,65174
551020,65176
551030,65175
551090,65177
551110,65152
551120,65169
551130,65182
551211,6532
551219,6532
551221,6532
551229,6532
551291,6532
551299,6532
551311,65341
551312,65341
551313,65341
551319,65341
551321,65341
551322,65341
551323,65341
551329,65341
551331,65341
551332,65341
551333,65341
551339,65341
551341,65341
551342,65341
551343,65341
551349,65341
551411,65341
551412,65341
551413,65341
551419,65341
551421,65341
551422,65341
551423,65341
551429,65341
551431,65341
551432,65341
551433,65341
551439,65341
551441,65341
551442,65341
551443,65341
551449,65341
551511,65349
551512,65343
551513,65342
551519,65349
551521,65343
551522,65342
551529,65349
551591,65343
551592,65342
551599,65349
551611,6536
551612,6536
551613,6536
551614,6536
551621,65383
551622,65383
551623,65383
551624,65383
551631,65382
551632,65382
551633,65382
551634,65382
551641,65381
551642,65381
551643,65381
551644,65381
551691,65389
551692,65389
551693,65389
551694,65389
560110,65771
560121,65771
560122,65771
560129,65771
560130,65771
560210,6571
560221,6571
560229,6571
560290,6571
560311,6572
560312,6572
560313,6572
560314,6572
560391,6572
560392,6572
560393,6572
560394,6572
560410,62103
560420,62103
560490,62102
560500,65191
560600,65603
560710,65751
560721,65751
560729,65751
560741,65751
560749,65751
560750,65751
560790,65751
560811,65752
560819,65752
560890,65752
560900,65759
570110,65921
570190,65929
570210,6593
570220,65962
570231,65942
570232,65952
570239,65962
570241,65942
570242,65952
570249,65962
570251,65942
570252,65952
570259,65962
570291,65942
570292,65952
570299,65962
570310,65941
570320,65951
570330,65951
570390,65961
570410,65963
570490,65963
570500,65962
580110,65434
580121,65224
580122,65223
580123,65223
580124,65223
580125,65223
580126,65223
580131,6539
580132,6539
580133,6539
580134,6539
580135,6539
580136,6539
580190,65499
580211,65212
580219,65222
580220,6539
580230,6539
580310,65221
580390,65315
580410,65604
580421,65605
580429,65605
580430,65605
580500,65891
580610,65601
580620,6574
580631,65601
580632,65601
580639,65601
580640,65601
580710,65602
580790,6572
580810,65603
580890,65603
580900,65491
581010,65606
581091,65606
581092,65606
581099,65606
581100,65224
590110,65731
590190,65731
590210,65314
590220,65314
590290,65314
590310,65732
590320,65732
590390,65732
590410,65912
590490,65912
590500,65732
590610,65733
590691,6553
590699,65733
590700,65739
590800,65772
590900,65791
591000,65792
591110,65773
591120,65773
591131,65773
591132,65773
591140,65773
591190,65773
600110,65521
600121,65522
600122,6551
600129,65529
600191,65522
600192,6551
600199,65529
600240,6552
600290,6552
600310,6552
600320,6552
600330,6552
600340,6552
600390,6552
600410,6552
600490,6552
600510,6552
600521,6552
600522,6552
600523,6552
600524,6552
600531,6552
600532,6552
600533,6552
600534,6552
600541,6552
600542,6552
600543,6552
600544,6552
600590,6552
600610,6552
600621,6552
600622,6552
600623,6552
600624,6552
600631,6552
600632,6552
600633,6552
600634,6552
600641,6552
600642,6552
600643,6552
600644,6552
600690,6552
610110,84591
610120,84592
610130,84593
610190,84599
610210,84591
610220,84592
610230,84593
610290,84599
610311,84591
610312,84593
610319,84599
610321,84591
610322,84592
610323,84593
610329,84599
610331,84591
610332,84592
610333,84593
610339,84599
610341,84591
610342,84592
610343,84593
610349,84594
610411,84521
610412,84522
610413,84523
610419,84529
610421,84521
610422,84522
610423,84523
610429,84529
610431,84591
610432,84592
610433,84593
610439,84599
610441,84521
610442,84522
610443,84523
610444,84524
610449,84529
610451,84521
610452,84522
610453,84523
610459,84529
610461,84591
610462,84592
610463,84593
610469,84599
610510,84621
610520,84632
610590,84649
610610,84592
610620,84593
610690,84599
610711,84629
610712,84633
610719,84649
610721,84629
610722,84633
610729,84649
610791,84592
610792,84593
610799,84591
610811,84634
610819,84629
610821,84629
610822,84634
610829,84649
610831,84629
610832,84634
610839,84649
610891,84592
610892,84593
610899,84599
610910,84629
610990,84633
611011,8451
611012,8451
611019,8451
611020,84512
611030,84513
611090,84519
611110,84591
611120,84592
611130,84593
611190,84599
611211,84592
611212,84593
611219,84599
611220,84593
611231,84593
611239,84599
611241,84593
611249,84599
611300,84723
611410,84591
611420,84592
611430,84593
611490,84599
611511,84631
611512,84631
611519,84611
611520,84722
611591,84722
611592,84722
611593,84722
611599,84722
611610,84723
611691,84721
611692,84721
611693,84721
611699,84721
611710,84593
611720,84592
611780,84593
611790,84599
620111,84211
620112,84219
620113,84219
620119,84219
620191,84292
620192,84293
620193,84294
620199,84299
620211,84311
620212,84312
620213,84313
620219,84319
620291,84392
620292,84393
620293,84394
620299,84399
620311,84221
620312,84223
620319,84229
620321,84221
620322,84222
620323,84223
620329,84229
620331,84241
620332,84242
620333,84243
620339,84249
620341,84231
620342,84232
620343,84233
620349,84239
620411,84321
620412,84322
620413,84323
620419,84329
620421,84321
620422,84322
620423,84323
620429,84329
620431,84311
620432,84312
620433,84313
620439,84319
620441,84331
620442,84332
620443,84333
620444,84333
620449,84339
620451,84341
620452,84342
620453,84343
620459,84349
620461,84392
620462,84393
620463,84394
620469,84399
620510,84419
620520,84411
620530,84412
620590,84419
620610,84359
620620,84359
620630,84351
620640,84352
620690,84359
620711,84421
620719,84422
620721,84421
620722,84422
620729,84429
620791,84293
620792,84294
620799,84292
620811,84432
620819,84439
620821,84431
620822,84432
620829,84439
620891,84393
620892,84394
620899,84392
620910,84392
620920,84393
620930,84394
620990,84399
621010,84292
621020,84291
621030,84391
621040,84291
621050,84391
621111,84294
621112,84394
621120,84394
621131,84292
621132,84293
621133,84294
621139,84299
621141,84392
621142,84393
621143,84394
621149,84399
621210,84651
621220,84652
621230,84652
621290,84652
621310,84711
621320,84711
621390,84711
621410,84712
621420,84712
621430,84712
621440,84712
621490,84712
621510,84713
621520,84713
621590,84713
621600,84714
621710,84719
621790,84719
630110,77585
630120,65831
630130,65832
630140,65833
630190,65839
630210,65898
630221,65841
630222,65842
630229,65842
630231,65841
630232,65842
630239,65842
630240,65898
630251,65843
630252,65844
630253,65844
630259,65844
630260,65845
630291,65845
630292,65846
630293,65846
630299,65846
630311,65898
630312,65898
630319,65898
630391,65848
630392,65849
630399,65849
630411,65898
630419,65849
630491,65898
630492,65848
630493,65849
630499,65849
630510,6581
630520,6581
630532,6581
630533,6581
630539,6581
630590,6581
630611,65821
630612,65829
630619,65829
630621,65821
630622,65829
630629,65829
630631,65829
630639,65821
630641,65821
630649,65829
630691,65821
630699,65829
630710,65899
630720,65899
630790,65899
630800,65224
630900,26901
631010,26902
631090,26902
640110,85101
640191,85101
640192,85101
640199,85101
640212,85101
640219,85101
640220,85101
640230,85101
640291,85101
640299,85101
640312,85102
640319,85102
640320,85102
640330,85102
640340,85102
640351,85102
640359,85102
640391,85102
640399,85102
640411,85102
640419,85102
640420,85102
640510,85103
640520,85103
640590,85104
640610,6123
640620,6123
640691,6123
640699,6123
650100,65761
650200,65762
650300,84841
650400,84842
650510,84843
650590,84843
650610,84849
650691,84849
650692,84849
650699,84849
650700,84848
660110,89941
660191,89941
660199,89941
660200,89942
660310,89949
660320,89949
660390,89949
670100,89992
670210,89993
670290,89993
670300,89994
670411,89995
670419,89995
670420,89995
670490,89995
680100,66131
680210,66132
680221,66132
680222,66132
680223,66132
680229,66132
680291,66132
680292,66132
680293,66132
680299,66132
680300,66133
680410,6631
680421,6631
680422,6631
680423,6631
680430,6631
680510,6632
680520,6632
680530,6632
680610,6635
680620,6635
680690,6635
680710,66181
680790,66181
680800,66182
680911,66331
680919,66331
680990,66331
681011,66332
681019,66332
681091,66332
681099,66332
681110,66183
681120,66183
681130,66183
681190,66183
681250,66381
681260,66381
681270,66381
681290,66381
681310,66382
681390,66382
681410,66333
681490,66333
681510,66339
681520,66339
681591,66339
681599,66339
690100,66231
690210,66232
690220,66232
690290,66232
690310,6637
690320,6637
690390,6637
690410,66241
690490,66241
690510,66242
690590,66242
690600,66243
690710,66244
690790,66244
690810,66245
690890,66245
690911,66391
690912,66391
690919,66391
690990,66391
691010,8122
691090,8122
691110,6664
691190,6664
691200,6665
691310,6666
691390,6666
691410,66392
691490,66392
700100,66414
700210,66415
700220,66415
700231,66415
700232,66415
700239,66415
700312,6645
700319,6645
700320,6645
700330,6645
700420,6643
700490,6643
700510,6644
700521,6644
700529,6644
700530,6644
700600,66491
700711,6647
700719,6647
700721,6647
700729,6647
700800,66491
700910,6648
700991,6648
700992,6648
701010,66581
701020,66511
701090,66511
701110,66492
701120,66492
701190,66492
701200,66512
701310,6652
701321,6652
701329,6652
701331,6652
701332,6652
701339,6652
701391,6652
701399,6652
701400,81241
701510,6642
701590,66493
701610,66582
701690,6646
701710,66581
701720,66581
701790,66581
701810,66582
701820,66582
701890,66582
701911,65195
701912,65195
701919,65195
701931,66494
701932,66494
701939,66494
701940,6546
701951,6546
701952,6546
701959,6546
701990,66494
702000,66589
710110,6671
710121,6671
710122,6671
710210,66721
710221,2771
710229,2771
710231,66722
710239,66729
710310,6673
710391,6673
710399,6673
710410,6674
710420,6674
710490,6674
710510,27721
710590,27721
710610,68114
710691,68113
710692,68114
710700,68112
710811,97101
710812,97101
710813,97101
710900,97102
711011,68123
711019,68125
711021,68124
711029,68125
711031,68124
711039,68125
711041,68124
711049,68125
711100,68122
711230,97103
711291,97103
711292,28902
711299,28902
711311,89731
711319,89731
711320,89731
711411,89732
711419,89732
711420,89732
711510,8974
711590,8974
711610,89733
711620,89733
711711,89983
711719,8972
711790,8972
711810,9610
720110,6712
720120,6712
720150,6712
720211,67161
720219,67161
720221,67162
720229,67162
720230,67169
720241,67169
720249,67169
720250,67169
720260,67169
720270,67169
720280,67169
720291,67169
720292,67169
720293,67169
720299,67169
720310,67133
720390,67133
720410,28201
720421,28202
720429,28202
720430,28209
720441,28209
720449,28209
720450,67244
720510,67131
720521,67132
720529,67132
720610,67241
720690,67245
720711,67251
720712,67251
720719,67251
720720,67252
720810,67271
720825,67271
720826,67271
720827,67271
720836,67271
720837,67271
720838,67271
720839,67271
720840,67451
720851,67441
720852,67441
720853,67451
720854,67461
720890,67491
720915,67451
720916,67461
720917,67461
720918,67461
720925,67441
720926,67461
720927,67461
720928,67461
720990,67491
721011,6747
721012,6747
721020,67491
721030,67491
721041,67491
721049,67491
721050,67491
721061,67491
721069,67491
721070,67491
721090,67491
721113,67441
721114,67441
721119,67461
721123,67461
721129,67462
721190,67461
721210,6747
721220,67491
721230,67491
721240,67491
721250,67491
721260,67491
721310,67311
721320,67312
721391,67311
721399,67311
721410,67327
721420,67326
721430,67325
721491,67326
721499,67326
721510,67325
721550,67322
721590,67327
721610,67331
721621,67333
721622,67333
721631,67332
721632,67332
721633,67332
721640,67333
721650,67333
721661,67334
721669,67334
721691,67335
721699,67335
721710,67701
721720,67701
721730,67701
721790,67702
721810,67243
721891,67254
721899,67254
721911,67274
721912,67274
721913,67274
721914,67274
721921,67443
721922,67443
721923,67453
721924,67463
721931,67443
721932,67453
721933,67463
721934,67463
721935,67463
721990,67493
722011,67274
722012,67274
722020,67463
722090,67493
722100,67314
722211,67324
722219,67324
722220,67324
722230,67324
722240,67338
722300,67704
722410,67244
722490,67255
722511,67454
722519,67454
722520,67454
722530,67275
722540,67454
722550,67454
722591,67494
722592,67494
722599,67494
722611,67454
722619,67454
722620,67454
722691,67454
722692,67454
722693,67494
722694,67494
722699,67494
722710,67325
722720,67325
722790,67315
722810,67325
722820,67325
722830,67325
722840,67325
722850,67325
722860,67325
722870,67339
722880,67324
722910,67705
722920,67705
722990,67705
730110,67336
730120,6911
730210,67601
730230,67602
730240,67602
730290,67602
730300,6781
730410,6782
730421,7239
730429,7239
730431,6782
730439,6782
730441,6782
730449,6782
730451,6782
730459,6782
730490,6782
730511,6783
730512,6783
730519,6783
730520,6783
730531,6783
730539,6783
730590,6783
730610,6783
730620,6783
730630,6783
730640,6783
730650,6783
730660,6783
730690,6783
730711,6785
730719,6785
730721,6785
730722,6785
730723,6785
730729,6785
730791,6785
730792,6785
730793,6785
730799,6785
730810,6911
730820,6911
730830,6911
730840,6911
730890,6911
730900,69211
731010,69241
731021,69241
731029,69241
731100,69243
731210,69311
731290,69311
731300,6932
731412,69351
731413,69351
731414,69351
731419,69351
731420,69351
731431,69351
731439,69351
731441,69351
731442,69351
731449,69351
731450,69351
731511,6992
731512,6992
731519,6992
731520,6992
731581,6992
731582,6992
731589,6992
731590,6992
731600,69971
731700,69401
731811,69402
731812,69402
731813,69402
731814,69402
731815,69402
731816,69402
731819,69402
731821,69402
731822,69402
731823,69402
731824,69402
731829,69402
731910,69931
731920,69932
731930,69932
731990,69931
732010,69941
732020,69941
732090,69941
732111,69731
732112,69731
732113,69731
732181,69732
732182,69732
732183,69732
732190,69733
732211,8121
732219,8121
732290,8121
732310,69741
732391,69741
732392,69741
732393,69741
732394,69741
732399,69741
732410,69751
732421,69751
732429,69751
732490,69751
732510,67941
732591,67941
732599,67941
732611,6793
732619,6793
732620,69979
732690,69979
740110,28712
740120,28712
740200,68211
740311,68212
740312,68212
740313,68212
740319,68212
740321,68212
740322,68212
740323,68212
740329,68212
740400,28821
740500,68213
740610,68224
740620,68224
740710,68221
740721,68221
740722,68221
740729,68221
740811,68221
740819,68221
740821,68221
740822,68221
740829,68221
740911,68222
740919,68222
740921,68222
740929,68222
740931,68222
740939,68222
740940,68222
740990,68222
741011,68223
741012,68223
741021,68223
741022,68223
741110,68225
741121,68225
741122,68225
741129,68225
741210,68226
741220,68226
741300,69312
741420,69352
741490,69352
741510,69403
741521,69403
741529,69403
741533,69403
741539,69403
741600,69942
741700,69734
741811,69742
741819,69742
741820,69752
741910,69981
741991,69981
741999,69981
750110,28722
750120,28722
750210,6831
750220,6831
750300,28822
750400,68322
750511,68321
750512,68321
750521,68321
750522,68321
750610,68322
750620,68322
750711,68323
750712,68323
750720,68323
750810,69982
750890,69982
760110,6841
760120,6841
760200,28823
760310,68424
760320,68424
760410,68421
760421,68425
760429,68421
760511,68421
760519,68421
760521,68421
760529,68421
760611,68422
760612,68422
760691,68422
760692,68422
760711,68423
760719,68423
760720,68423
760810,68425
760820,68425
760900,68426
761010,6912
761090,6912
761100,69213
761210,69242
761290,69242
761300,69244
761410,69313
761490,69313
761511,69743
761519,69743
761520,69753
761610,69983
761691,69983
761699,69983
780110,68512
780191,68513
780199,68511
780200,28824
780300,68521
780411,68523
780419,68522
780420,68523
780500,68524
780600,69984
790111,6861
790112,6861
790120,6861
790200,28825
790310,68633
790390,68633
790400,68631
790500,68632
790600,68634
790700,69985
800110,6871
800120,6871
800200,28826
800300,68721
800400,68722
800500,68723
800600,68724
800700,69986
810110,68911
810194,68911
810195,69991
810196,69991
810197,68911
810199,69991
810210,68912
810294,68912
810295,69992
810296,69992
810297,68912
810299,69992
810320,68913
810330,68913
810390,69993
810411,68915
810419,68915
810420,68914
810430,69994
810490,69994
810520,68999
810530,68999
810590,69999
810600,68999
810720,68999
810730,68999
810790,69999
810820,68999
810830,68999
810890,69999
810920,68999
810930,68999
810990,69999
811010,68999
811020,68999
811090,68999
811100,68999
811212,68991
811213,68991
811219,69995
811221,68999
811222,68999
811229,68999
811230,68999
811240,68999
811251,68999
811252,68999
811259,69999
811292,68999
811299,69999
811300,68999
820110,6951
820120,6951
820130,6951
820140,6951
820150,69605
820160,6951
820190,6951
820210,69531
820220,69531
820231,69531
820239,69531
820240,69531
820291,69531
820299,69531
820310,69533
820320,69534
820330,69534
820340,69534
820411,69532
820412,69532
820420,69532
820510,69539
820520,69539
820530,69539
820540,69539
820551,69539
820559,69539
820560,69539
820570,69539
820580,69539
820590,69539
820600,69539
820713,69541
820719,69541
820720,69541
820730,69541
820740,69541
820750,69541
820760,69541
820770,69541
820780,69541
820790,69541
820810,69542
820820,69542
820830,69542
820840,69542
820890,69542
820900,69543
821000,69781
821110,69608
821191,69608
821192,69608
821193,69608
821194,69608
821195,69608
821210,69603
821220,69603
821290,69603
821300,69604
821410,69605
821420,69605
821490,69605
821510,69606
821520,69606
821591,69606
821599,69606
830110,69911
830120,69911
830130,69911
830140,69911
830150,69911
830160,69911
830170,69911
830210,69913
830220,69913
830230,69913
830241,69913
830242,69913
830249,69913
830250,69913
830260,69913
830300,69912
830400,89511
830510,89512
830520,89512
830590,89512
830610,69962
830621,69782
830629,69782
830630,69782
830710,69961
830790,69961
830810,69933
830820,69933
830890,69933
830910,69963
830990,69963
831000,69964
831110,69965
831120,69965
831130,69965
831190,69965
840110,7187
840120,7435
840130,7187
840140,7187
840211,7111
840212,7111
840219,7111
840220,7111
840290,71191
840310,8121
840390,8121
840410,7112
840420,7112
840490,71199
840510,7411
840590,7411
840610,7126
840681,7126
840682,7126
840690,7129
840710,71311
840721,71331
840729,71332
840731,7132
840732,7132
840733,7132
840734,7132
840790,7138
840810,71332
840820,7132
840890,7138
840910,71319
840991,7139
840999,7139
841011,71881
841012,71881
841013,71881
841090,71889
841111,7144
841112,7144
841121,71481
841122,71481
841181,71488
841182,71488
841191,71491
841199,71499
841210,7144
841221,71882
841229,71882
841231,71888
841239,71888
841280,71888
841290,7188
841311,74281
841319,74288
841320,7421
841330,7421
841340,7421
841350,7421
841360,7423
841370,7422
841381,74288
841382,74288
841391,7429
841392,7429
841410,7431
841420,7431
841430,7431
841440,7431
841451,77572
841459,7434
841460,77572
841480,7431
841490,7432
841510,7415
841520,7415
841581,7415
841582,7415
841583,7415
841590,7415
841610,7412
841620,7412
841630,7412
841690,7412
841710,74132
841720,74132
841780,74132
841790,74132
841810,77521
841821,77521
841822,77521
841829,77521
841830,77522
841840,77522
841850,74141
841861,74141
841869,74141
841891,74149
841899,74149
841911,69735
841919,69735
841920,7416
841931,7416
841932,7416
841939,7416
841940,7416
841950,7416
841960,7416
841981,7416
841989,7416
841990,7416
842010,74521
842091,74521
842099,74521
842111,7435
842112,7435
842119,7435
842121,7436
842122,7436
842123,7436
842129,7436
842131,7436
842139,7436
842191,7439
842199,7439
842211,7753
842219,74522
842220,74522
842230,74522
842240,74522
842290,74523
842310,74525
842320,74525
842330,74525
842381,74525
842382,74525
842389,74525
842390,74526
842410,74527
842420,74527
842430,74527
842481,74527
842489,74527
842490,74527
842511,74421
842519,74421
842520,74421
842531,74421
842539,74421
842541,74428
842542,74428
842549,74428
842611,74422
842612,74422
842619,74422
842620,74422
842630,74422
842641,74428
842649,74428
842691,74428
842699,74428
842710,74411
842720,74411
842790,74428
842810,74424
842820,74423
842831,74428
842832,74428
842833,74428
842839,74428
842840,74425
842850,74428
842860,74428
842890,74428
842911,72341
842919,72341
842920,72341
842930,72343
842940,7233
842951,72342
842952,72342
842959,72342
843010,72345
843020,72345
843031,72343
843039,72346
843041,72343
843049,72344
843050,72343
843061,72346
843069,72346
843110,7449
843120,74419
843131,7449
843139,7449
843141,7239
843142,7239
843143,7239
843149,7239
843210,72111
843221,72113
843229,72113
843230,72112
843240,72112
843280,72118
843290,72119
843311,72121
843319,72121
843320,72123
843330,72123
843340,72123
843351,72122
843352,72123
843353,72123
843359,72123
843360,72124
843390,72129
843410,72131
843420,72138
843490,72139
843510,72191
843590,72198
843610,72197
843621,72197
843629,72197
843680,72197
843691,72199
843699,72199
843710,72124
843780,72711
843790,72719
843810,72722
843820,72722
843830,72722
843840,72722
843850,72722
843860,72722
843880,72722
843890,72729
843910,72511
843920,72512
843930,72512
843991,72591
843999,72591
844010,72681
844090,72689
844110,7252
844120,7252
844130,7252
844140,7252
844180,7252
844190,72599
844210,72631
844220,72631
844230,72631
844240,72691
844250,72632
844311,72641
844312,72641
844319,72641
844321,72641
844329,72641
844330,72641
844340,72641
844351,74527
844359,72671
844360,72672
844390,72699
844400,72441
844511,72442
844512,72442
844513,72442
844519,72442
844520,72443
844530,72443
844540,72443
844590,72453
844610,72451
844621,72451
844629,72451
844630,72451
844711,72452
844712,72452
844720,72452
844790,72453
844811,72461
844819,72461
844820,72449
844831,72449
844832,72449
844833,72449
844839,72449
844841,72469
844842,72469
844849,72469
844851,72469
844859,72469
844900,72454
845011,77511
845012,77511
845019,77511
845020,72471
845090,72479
845110,72472
845121,77512
845129,72473
845130,72474
845140,72474
845150,72474
845180,72474
845190,72479
845210,72431
845221,72431
845229,72431
845230,72439
845240,72439
845290,72439
845310,7248
845320,7248
845380,7248
845390,7248
845410,73711
845420,73711
845430,73711
845490,73719
845510,73721
845521,73721
845522,73721
845530,73729
845590,73729
845610,72848
845620,73611
845630,73611
845691,73611
845699,73611
845710,7367
845720,7367
845730,7367
845811,73613
845819,73613
845891,73613
845899,73613
845910,73615
845921,73615
845929,73615
845931,73614
845939,73614
845940,73614
845951,73614
845959,73614
845961,73614
845969,73614
845970,73618
846011,73619
846019,73619
846021,73619
846029,73619
846031,73619
846039,73619
846040,73619
846090,73619
846120,7367
846130,7367
846140,73612
846150,73616
846190,7367
846210,73621
846221,73622
846229,73622
846231,73623
846239,73623
846241,73623
846249,73623
846291,73628
846299,73628
846310,7367
846320,7367
846330,7367
846390,7367
846410,72811
846420,72811
846490,72811
846510,72812
846591,72812
846592,72812
846593,72812
846594,72812
846595,72812
846596,72812
846599,72812
846610,7368
846620,7368
846630,7368
846691,72819
846692,72819
846693,7369
846694,7369
846711,74511
846719,74511
846721,7784
846722,7784
846729,7784
846781,74511
846789,74511
846791,74519
846792,74519
846799,74519
846810,73731
846820,73731
846880,72845
846890,72849
846911,75111
846912,75111
846920,75111
846930,75112
847010,75121
847021,75121
847029,75121
847030,75121
847040,75122
847050,75123
847090,75128
847110,7521
847130,7522
847141,7522
847149,7523
847150,7523
847160,7525
847170,7525
847180,7528
847190,7528
847210,75181
847220,75188
847230,75188
847290,75188
847310,75911
847321,7599
847329,7599
847330,7599
847340,75915
847350,7591
847410,72831
847420,72832
847431,72833
847432,72833
847439,72833
847480,72834
847490,72839
847510,72841
847521,72841
847529,72841
847590,72841
847621,74524
847629,74524
847681,74524
847689,74524
847690,74524
847710,72842
847720,72842
847730,72842
847740,72842
847751,72842
847759,72842
847780,72842
847790,72849
847810,72843
847890,72849
847910,72348
847920,72721
847930,72844
847940,72848
847950,72848
847960,72848
847981,72845
847982,72848
847989,72848
847990,72849
848010,74991
848020,74991
848030,63599
848041,74991
848049,74991
848050,74991
848060,74991
848071,74991
848079,74991
848110,7492
848120,7492
848130,7492
848140,7492
848180,7492
848190,7492
848210,7491
848220,7491
848230,7491
848240,7491
848250,7491
848280,7491
848291,7491
848299,7491
848310,7493
848320,7493
848330,7493
848340,7493
848350,7493
848360,7493
848390,7493
848410,74992
848420,74999
848490,74992
848510,74999
848590,74999
850110,71621
850120,71621
850131,7161
850132,7161
850133,7161
850134,7161
850140,71621
850151,71621
850152,71621
850153,71621
850161,71622
850162,71622
850163,71622
850164,71622
850211,71623
850212,71623
850213,71623
850220,71623
850231,7161
850239,7161
850240,7163
850300,7169
850410,77118
850421,77111
850422,77111
850423,77111
850431,77118
850432,77118
850433,77118
850434,77118
850440,77121
850450,77122
850490,77129
850511,77881
850519,77881
850520,77881
850530,77881
850590,77881
850610,77811
850630,77811
850640,77811
850650,77811
850660,77811
850680,77811
850690,77811
850710,77812
850720,77812
850730,77812
850740,77812
850780,77812
850790,77819
850910,77571
850920,77571
850930,77578
850940,77573
850980,77578
850990,77579
851010,7754
851020,7754
851030,77578
851090,7754
851110,77831
851120,77831
851130,77831
851140,77831
851150,77831
851180,77831
851190,77831
851210,77832
851220,77832
851230,77832
851240,77832
851290,77832
851310,81243
851390,81243
851410,74131
851420,74131
851430,74131
851440,74131
851490,74131
851511,73732
851519,73732
851521,73732
851529,73732
851531,73732
851539,73732
851580,73732
851590,73732
851610,77581
851621,77582
851629,77582
851631,77583
851632,77583
851633,77586
851640,77584
851650,77586
851660,77586
851671,77586
851672,77586
851679,77586
851680,77587
851690,77589
851711,7641
851719,7641
851721,7641
851722,7641
851730,7641
851750,7641
851780,7641
851790,76491
851810,7642
851821,7642
851822,7642
851829,7642
851830,7641
851840,7642
851850,7642
851890,76492
851910,76311
851921,76318
851929,76318
851931,76318
851939,76318
851940,76388
851992,76388
851993,76388
851999,76388
852010,76388
852020,76388
852032,76388
852033,76388
852039,76388
852090,76388
852110,76381
852190,76381
852210,76499
852290,76499
852311,89831
852312,89831
852313,89831
852320,89831
852330,89831
852390,89831
852410,89832
852431,89832
852432,89832
852439,89832
852440,89832
852451,89832
852452,89832
852453,89832
852460,89832
852491,89832
852499,89832
852510,7643
852520,7643
852530,76482
852540,76381
852610,76483
852691,76483
852692,76483
852712,7622
852713,7622
852719,7622
852721,7621
852729,7621
852731,7628
852732,7628
852739,7628
852790,76481
852812,7611
852813,7612
852821,7611
852822,7612
852830,7611
852910,76493
852990,76493
853010,77882
853080,77882
853090,77882
853110,77883
853120,77883
853180,77883
853190,77883
853210,77884
853221,77884
853222,77884
853223,77884
853224,77884
853225,77884
853229,77884
853230,77884
853290,77884
853310,7723
853321,7723
853329,7723
853331,7723
853339,7723
853340,7723
853390,7723
853400,7722
853510,7721
853521,7721
853529,7721
853530,7721
853540,7721
853590,7721
853610,7721
853620,7721
853630,7721
853641,7721
853649,7721
853650,7721
853661,7721
853669,7721
853690,7721
853710,7721
853720,7721
853810,7721
853890,7721
853910,77832
853921,77821
853922,77821
853929,77821
853931,77822
853932,77822
853939,77822
853941,77824
853949,77824
853990,77829
854011,7761
854012,7761
854020,7762
854040,7762
854050,7762
854060,7762
854071,7762
854072,7762
854079,7762
854081,7762
854089,7762
854091,77689
854099,77689
854110,7763
854121,7763
854129,7763
854130,7763
854140,7763
854150,7763
854160,77681
854190,77689
854210,7764
854221,7764
854229,7764
854260,7764
854270,7764
854290,77689
854311,77885
854319,77885
854320,77886
854330,77886
854340,77886
854381,77886
854389,77886
854390,77886
854411,7731
854419,7731
854420,7731
854430,7731
854441,7731
854449,7731
854451,7731
854459,7731
854460,7731
854470,88411
854511,77887
854519,77887
854520,77887
854590,77887
854610,77322
854620,77323
854690,77324
854710,77326
854720,77327
854790,77321
854810,77812
854890,77889
860110,7911
860120,7911
860210,7912
860290,7912
860310,7913
860390,7913
860400,79151
860500,7914
860610,79152
860620,79152
860630,79152
860691,79152
860692,79152
860699,79152
860711,79199
860712,79199
860719,79199
860721,79199
860729,79199
860730,79199
860791,79199
860799,79199
860800,79191
860900,78613
870110,7224
870120,7832
870130,7223
870190,7224
870210,7831
870290,7831
870310,7810
870321,7810
870322,7810
870323,7810
870324,7810
870331,7810
870332,7810
870333,7810
870390,7810
870410,7821
870421,7821
870422,7821
870423,7821
870431,7821
870432,7821
870490,7821
870510,7822
870520,7822
870530,7822
870540,7822
870590,7822
870600,7841
870710,7842
870790,7842
870810,7849
870821,7849
870829,7849
870831,7849
870839,7849
870840,7849
870850,7849
870860,7849
870870,7849
870880,7849
870891,7849
870892,7849
870893,7849
870894,7849
870899,7849
870911,74411
870919,74411
870990,74419
871000,95101
871110,7851
871120,7851
871130,7851
871140,7851
871150,7851
871190,7851
871200,7852
871310,78531
871390,78531
871411,78539
871419,78539
871420,78539
871491,78539
871492,78539
871493,78539
871494,78539
871495,78539
871496,78539
871499,78539
871500,8941
871610,78611
871620,78612
871631,78612
871639,78612
871640,78681
871680,78681
871690,78689
880110,79281
880190,79282
880211,7921
880212,7921
880220,7922
880230,7923
880240,7924
880260,7924
880310,7929
880320,7929
880330,7929
880390,7929
880400,89998
880510,79283
880521,79283
880529,79283
890110,79328
890120,79322
890130,79323
890190,79323
890200,79324
890310,79321
890391,79321
890392,79321
890399,79321
890400,79381
890510,79382
890520,79382
890590,79382
890610,7931
890690,7931
890710,79383
890790,79383
890800,7933
900110,88411
900120,88411
900130,88411
900140,88411
900150,88411
900190,88411
900211,88412
900219,88412
900220,88412
900290,88412
900311,88421
900319,88421
900390,88421
900410,88422
900490,88422
900510,87101
900580,87102
900590,87102
900610,88111
900620,88111
900630,88111
900640,88111
900651,88111
900652,88111
900653,88111
900659,88111
900661,88112
900662,88112
900669,88112
900691,88119
900699,88119
900711,88121
900719,88122
900720,88122
900791,88129
900792,88129
900810,88131
900820,88131
900830,88131
900840,88131
900890,88131
900911,75182
900912,75182
900921,75182
900922,75182
900930,75182
900991,75919
900992,75919
900993,75919
900999,75919
901010,88139
901041,88139
901042,88139
901049,88139
901050,88139
901060,88139
901090,88139
901110,87104
901120,87104
901180,87104
901190,87104
901210,87103
901290,87103
901310,87109
901320,87109
901380,87109
901390,87109
901410,87411
901420,87411
901480,87411
901490,87411
901510,87412
901520,87412
901530,87412
901540,87412
901580,87412
901590,87412
901600,87451
901710,87421
901720,87421
901730,87421
901780,87421
901790,87429
901811,7741
901812,7741
901813,7741
901814,7741
901819,7741
901820,7741
901831,87202
901832,87202
901839,87202
901841,87201
901849,87201
901850,87202
901890,87202
901910,87203
901920,87203
902000,87203
902110,89962
902121,89962
902129,89962
902131,89962
902139,89962
902140,89961
902150,89962
902190,89962
902212,7742
902213,7742
902214,7742
902219,7742
902221,7742
902229,7742
902230,7742
902290,7742
902300,87452
902410,87453
902480,87453
902490,87453
902511,87454
902519,87454
902580,87454
902590,8749
902610,8743
902620,8743
902680,8743
902690,8749
902710,8744
902720,8744
902730,8744
902740,8744
902750,8744
902780,87483
902790,8744
902810,8731
902820,8731
902830,8731
902890,8749
902910,8732
902920,8732
902990,8749
903010,87482
903020,87483
903031,87483
903039,87483
903040,87483
903082,87483
903083,87483
903089,87483
903090,8749
903110,87421
903120,87421
903130,87421
903141,87421
903149,87421
903180,87421
903190,87429
903210,8743
903220,8743
903281,8743
903289,8743
903290,8749
903300,8749
910111,88511
910112,88511
910119,88511
910121,88511
910129,88511
910191,88511
910199,88511
910211,88511
910212,88511
910219,88511
910221,88511
910229,88511
910291,88511
910299,88511
910310,88512
910390,88512
910400,88521
910511,88522
910519,88522
910521,88522
910529,88522
910591,88522
910599,88522
910610,88523
910620,88523
910690,88523
910700,88524
910811,88513
910812,88513
910819,88513
910820,88513
910890,88513
910911,88525
910919,88525
910990,88525
911011,88529
911012,88529
911019,88529
911090,88529
911110,88514
911120,88514
911180,88514
911190,88514
911220,88526
911290,88526
911310,89731
911320,8972
911390,8481
911410,88529
911420,88529
911430,88529
911440,88529
911490,88529
920110,89811
920120,89811
920190,89811
920210,89819
920290,89819
920300,89821
920410,89822
920420,89822
920510,89823
920590,89823
920600,89824
920710,89825
920790,89825
920810,89829
920890,89829
920910,8989
920920,8989
920930,8989
920991,8989
920992,8989
920993,8989
920994,8989
920999,8989
930111,95102
930119,95102
930120,95102
930190,95102
930200,95105
930310,89461
930320,89461
930330,89461
930390,89461
930400,89462
930510,95109
930521,95109
930529,95109
930591,95109
930599,95109
930610,95106
930621,89463
930629,89463
930630,89463
930690,95106
930700,95104
940110,82111
940120,82111
940130,82111
940140,82111
940150,82111
940161,82111
940169,82111
940171,82111
940179,82111
940180,82111
940190,82119
940210,82121
940290,82121
940310,82191
940320,82191
940330,82192
940340,82192
940350,82192
940360,82192
940370,82199
940380,82199
940390,82199
940410,82122
940421,82122
940429,82122
940430,82122
940490,82122
940510,81242
940520,81242
940530,89425
940540,81242
940550,81242
940560,69964
940591,81241
940592,8935
940599,81242
940600,6353
950100,89421
950210,89422
950291,89422
950299,89422
950310,89423
950320,89423
950330,89423
950341,89423
950349,89423
950350,89423
950360,89423
950370,89423
950380,89423
950390,89423
950410,89424
950420,89424
950430,89424
950440,89424
950490,89424
950510,89425
950590,89425
950611,89472
950612,89472
950619,89472
950621,89472
950629,89472
950631,89472
950632,89472
950639,89472
950640,89424
950651,89472
950659,89472
950661,89472
950662,89472
950669,89472
950670,89472
950691,89472
950699,89472
950710,89471
950720,89471
950730,89471
950790,89471
950810,89473
950890,89473
960110,89911
960190,89911
960200,89919
960310,89972
960321,89972
960329,89972
960330,89972
960340,89972
960350,89972
960390,89972
960400,89981
960500,83102
960610,89983
960621,89983
960622,89983
960629,89983
960630,89983
960711,89984
960719,89984
960720,89984
960810,89521
960820,89521
960831,89521
960839,89521
960840,89521
960850,89521
960860,89521
960891,89522
960899,89521
960910,89523
960920,89523
960990,89523
961000,89592
961100,89593
961210,89594
961220,89594
961310,89934
961320,89934
961380,89934
961390,89934
961420,89935
961490,89935
961511,89985
961519,89985
961590,69932
961610,89986
961620,89982
961700,89997
961800,89987
970110,89601
970190,69782
970200,89602
970300,89603
970400,89604
970500,89605
970600,89606
